INSERT INTO `kode_satuan`(`kode_huruf`, `nama_kode`, `keterangan`) VALUES ('R','Realistik','Tipe realistik merupakan tipe seseorang yang menyukai aktivitas yang melibatkan kemampuan mekanis dan fisik. Kamu dapat menemukan mereka pada bidang konstruksi, kesehatan dan kebugaran, olahraga dan rekreasi, perbaikan, teknologi dan kegiatan yang serupa. Mereka lebih suka mengerjakan kegiatan menggunakan alat atau menggunakan tangan secara langsung serta berkegiatan di luar ruangan yang banyak petualangan. Mereka lebih berorientasi pada hasil yang nyata dan langsung.');
INSERT INTO `kode_satuan`(`kode_huruf`, `nama_kode`, `keterangan`) VALUES ('I','Investigatif','Tipe investigatif adalah tipe seseorang yang senang dengan kegiatan mengumpulkan, menganalisis, dan menafsirkan informasi, serta mengungkap fakta atau teori baru. Mereka lebih menyukai sesuatu yang berkaitan dengan ilmu pengetahuan dan memiliki rasa ingin tahu. Seseorang dengan tipe investigatif dapat kamu temui di lingkungan akademik atau penelitian yang memungkinkan mereka mengembangkan ide. Mereka lebih senang bekerja sendiri daripada dalam kelompok. Mereka dimotivasi oleh rasa ingin tahu, belajar, dan pengetahuan.');
INSERT INTO `kode_satuan`(`kode_huruf`, `nama_kode`, `keterangan`) VALUES ('A','Artistik','Tipe artistik adalah tipe seseorang yang senang dengan nilai estetika dan membutuhkan ekspresi diri. Mereka kurang menyukai hal-hal yang sistematik, teratur, dan rutin. Mereka mengekspresikan diri dengan rekreasi atau kegiatan seni. Motivasi mereka adalah untuk mengekspresikan diri.');
INSERT INTO `kode_satuan`(`kode_huruf`, `nama_kode`, `keterangan`) VALUES ('S','Sosial','Tipe sosial adalah tipe seseorang yang senang dengan kegiatan yang bekerja dengan orang lain. Pekerjaan yang mereka lakukan biasanya dalam bidang pengajaran, konseling, dan layanan pelanggan. Seseorang dengan tipe sosial dapat kamu temui di lingkungan sosial, yang memungkinkan mereka untuk berinteraksi secara teratur dengan banyak orang, bekerja dalam kelompok, dan memecahkan masalah dengan berbagi pikiran dan perasaan. Motivasi mereka adalah dalam hal membantu orang banyak.');
INSERT INTO `kode_satuan`(`kode_huruf`, `nama_kode`, `keterangan`) VALUES ('E','Enterpris','Tipe enterpris adalah tipe seseorang yang menyukai kegiatan dibidang mengelola, mengarahkan, atau membujuk orang lain dalam lingkungan bisnis atau perusahaan. Mereka mencari posisi kepemimpinan, kekuasaan, dan status serta senang membimbing orang lain menuju tujuan organisasi tertentu dan kesuksesan ekonomi. Mereka juga paling mungkin mengambil risiko pribadi dan keuangan. Mereka termotivasi oleh kemampuan mereka untuk membujuk orang lain.');
INSERT INTO `kode_satuan`(`kode_huruf`, `nama_kode`, `keterangan`) VALUES ('C','Konvensional','Tipe konvensional adalah tipe seseorang yang senang dengan kegiatan yang detail, organisasi, dan keakuratan data. Mereka sering menikmati kegiatan matematika dan manajemen data dan dapat ditemukan dalam pekerjaan seperti akuntansi, perbankan investasi, dan asuransi. Mereka senang menertibkan data, informasi, dan objek dan dimotivasi oleh tugas-tugas organisasi.');

-- REALISTIK
INSERT INTO `soal`(`tipe`, `nomor`, `pertanyaan`) VALUES ('Realistik','1','Saya suka memperbaiki peralatan listrik');
INSERT INTO `soal`(`tipe`, `nomor`, `pertanyaan`) VALUES ('Realistik','2','Saya suka memperbaiki mobil atau sepeda');
INSERT INTO `soal`(`tipe`, `nomor`, `pertanyaan`) VALUES ('Realistik','3','Saya suka membuat sesuatu yang baru dari kayu');
INSERT INTO `soal`(`tipe`, `nomor`, `pertanyaan`) VALUES ('Realistik','4','Saya suka merangkai peralatan mekanik');
INSERT INTO `soal`(`tipe`, `nomor`, `pertanyaan`) VALUES ('Realistik','5','Saya suka mengendarai truk atau traktor');
INSERT INTO `soal`(`tipe`, `nomor`, `pertanyaan`) VALUES ('Realistik','6','Saya suka menggunakan peralatan kerja logam atau mesin perkakas');
INSERT INTO `soal`(`tipe`, `nomor`, `pertanyaan`) VALUES ('Realistik','7','Saya suka bekerja di bengkel motor atau mobil');
INSERT INTO `soal`(`tipe`, `nomor`, `pertanyaan`) VALUES ('Realistik','8','Saya suka mempelajari keterampilan');
INSERT INTO `soal`(`tipe`, `nomor`, `pertanyaan`) VALUES ('Realistik','9','Saya suka mempelajari gambar teknik');
INSERT INTO `soal`(`tipe`, `nomor`, `pertanyaan`) VALUES ('Realistik','10','Saya suka mempelajari pertukangan kayu');
INSERT INTO `soal`(`tipe`, `nomor`, `pertanyaan`) VALUES ('Realistik','11','Saya suka mempelajari mekanik mobil');

-- INVESTIGATIF
INSERT INTO `soal`(`tipe`, `nomor`, `pertanyaan`) VALUES ('Investigatif','1','Saya suka membaca buku atau majalah ilmiah');
INSERT INTO `soal`(`tipe`, `nomor`, `pertanyaan`) VALUES ('Investigatif','2','Saya suka bekerja di laboratorium');
INSERT INTO `soal`(`tipe`, `nomor`, `pertanyaan`) VALUES ('Investigatif','3','Saya suka bekerja pada proyek ilmiah');
INSERT INTO `soal`(`tipe`, `nomor`, `pertanyaan`) VALUES ('Investigatif','4','Saya suka membuat model roket');
INSERT INTO `soal`(`tipe`, `nomor`, `pertanyaan`) VALUES ('Investigatif','5','Saya suka bekerja dengan zat-zat kimia');
INSERT INTO `soal`(`tipe`, `nomor`, `pertanyaan`) VALUES ('Investigatif','6','Saya suka membaca mata pelajaran khusus sesuai kesukaan saya');
INSERT INTO `soal`(`tipe`, `nomor`, `pertanyaan`) VALUES ('Investigatif','7','Saya suka menyelesaikan permasalahan matematika atau teka-teki catur');
INSERT INTO `soal`(`tipe`, `nomor`, `pertanyaan`) VALUES ('Investigatif','8','Saya suka mempelajari fisika');
INSERT INTO `soal`(`tipe`, `nomor`, `pertanyaan`) VALUES ('Investigatif','9','Saya suka mempelajari kimia');
INSERT INTO `soal`(`tipe`, `nomor`, `pertanyaan`) VALUES ('Investigatif','10','Saya suka mempelajari geometri');
INSERT INTO `soal`(`tipe`, `nomor`, `pertanyaan`) VALUES ('Investigatif','11','Saya suka mempelajari biologi');

-- ARTISTIK
INSERT INTO `soal`(`tipe`, `nomor`, `pertanyaan`) VALUES ('Artistik','1','Saya suka membuat sketsa, gambar, atau lukisan');
INSERT INTO `soal`(`tipe`, `nomor`, `pertanyaan`) VALUES ('Artistik','2','Saya suka menonton drama');
INSERT INTO `soal`(`tipe`, `nomor`, `pertanyaan`) VALUES ('Artistik','3','Saya suka merancang perabotan rumah atau bangunan');
INSERT INTO `soal`(`tipe`, `nomor`, `pertanyaan`) VALUES ('Artistik','4','Saya suka bermain alat musik pada band, grup, atau orkestra');
INSERT INTO `soal`(`tipe`, `nomor`, `pertanyaan`) VALUES ('Artistik','5','Saya suka mempelajari alat musik');
INSERT INTO `soal`(`tipe`, `nomor`, `pertanyaan`) VALUES ('Artistik','6','Saya suka menghadiri pertunjukan konser, atau musikal');
INSERT INTO `soal`(`tipe`, `nomor`, `pertanyaan`) VALUES ('Artistik','7','Saya suka membaca buku fiksi populer');
INSERT INTO `soal`(`tipe`, `nomor`, `pertanyaan`) VALUES ('Artistik','8','Saya suka membuat foto atau potret');
INSERT INTO `soal`(`tipe`, `nomor`, `pertanyaan`) VALUES ('Artistik','9','Saya suka membaca naskah drama');
INSERT INTO `soal`(`tipe`, `nomor`, `pertanyaan`) VALUES ('Artistik','10','Saya suka membaca dan menulis puisi');
INSERT INTO `soal`(`tipe`, `nomor`, `pertanyaan`) VALUES ('Artistik','11','Saya suka mempelajari seni');

-- SOSIAL
INSERT INTO `soal`(`tipe`, `nomor`, `pertanyaan`) VALUES ('Sosial','1','Saya suka menulis dan mengirim surat kepada sahabat pena');
INSERT INTO `soal`(`tipe`, `nomor`, `pertanyaan`) VALUES ('Sosial','2','Saya suka menghadiri diskusi atau ceramah agama');
INSERT INTO `soal`(`tipe`, `nomor`, `pertanyaan`) VALUES ('Sosial','3','Saya suka menjadi anggota kelompok kegiatan sosial');
INSERT INTO `soal`(`tipe`, `nomor`, `pertanyaan`) VALUES ('Sosial','4','Saya suka membantu orang lain memecahkan persoalan pribadinya');
INSERT INTO `soal`(`tipe`, `nomor`, `pertanyaan`) VALUES ('Sosial','5','Saya suka mengasuh bayi atau anak-anak');
INSERT INTO `soal`(`tipe`, `nomor`, `pertanyaan`) VALUES ('Sosial','6','Saya suka menghadiri kegiatan sosial');
INSERT INTO `soal`(`tipe`, `nomor`, `pertanyaan`) VALUES ('Sosial','7','Saya suka menari dan menyanyi bersama');
INSERT INTO `soal`(`tipe`, `nomor`, `pertanyaan`) VALUES ('Sosial','8','Saya suka membaca buku psikologi');
INSERT INTO `soal`(`tipe`, `nomor`, `pertanyaan`) VALUES ('Sosial','9','Saya suka menghadiri pertemuan dan diskusi');
INSERT INTO `soal`(`tipe`, `nomor`, `pertanyaan`) VALUES ('Sosial','10','Saya suka menghadiri pertandingan olahraga');
INSERT INTO `soal`(`tipe`, `nomor`, `pertanyaan`) VALUES ('Sosial','11','Saya suka berkenalan dengan teman baru');

-- ENTERPRIS
INSERT INTO `soal`(`tipe`, `nomor`, `pertanyaan`) VALUES ('Enterpris','1','Saya suka membujuk, mempengaruhi, atau menyakinkan orang lain');
INSERT INTO `soal`(`tipe`, `nomor`, `pertanyaan`) VALUES ('Enterpris','2','Saya suka berjualan sesuatu');
INSERT INTO `soal`(`tipe`, `nomor`, `pertanyaan`) VALUES ('Enterpris','3','Saya suka berdiskusi tentang politik');
INSERT INTO `soal`(`tipe`, `nomor`, `pertanyaan`) VALUES ('Enterpris','4','Saya suka menjalankan bisnis di perusahaan pribadi');
INSERT INTO `soal`(`tipe`, `nomor`, `pertanyaan`) VALUES ('Enterpris','5','Saya suka menghadiri konferensi');
INSERT INTO `soal`(`tipe`, `nomor`, `pertanyaan`) VALUES ('Enterpris','6','Saya suka menyampaikan pendapat');
INSERT INTO `soal`(`tipe`, `nomor`, `pertanyaan`) VALUES ('Enterpris','7','Saya suka mengorganisir suatu kegiatan');
INSERT INTO `soal`(`tipe`, `nomor`, `pertanyaan`) VALUES ('Enterpris','8','Saya suka mengawasi dan mensupervisi pekerjaan orang lain');
INSERT INTO `soal`(`tipe`, `nomor`, `pertanyaan`) VALUES ('Enterpris','9','Saya suka menemui orang penting');
INSERT INTO `soal`(`tipe`, `nomor`, `pertanyaan`) VALUES ('Enterpris','10','Saya suka memimpin kelompok kerja dalam mencapai tujuan bersama');
INSERT INTO `soal`(`tipe`, `nomor`, `pertanyaan`) VALUES ('Enterpris','11','Saya suka berpartisipasi dalam kampanye politik');

-- KONVENSIONAL
INSERT INTO `soal`(`tipe`, `nomor`, `pertanyaan`) VALUES ('Konvensional','1','Saya suka menjaga kerapian meja kerja dan ruangan');
INSERT INTO `soal`(`tipe`, `nomor`, `pertanyaan`) VALUES ('Konvensional','2','Saya suka mengetik makalah atau surat untuk diri sendiri atau orang lain');
INSERT INTO `soal`(`tipe`, `nomor`, `pertanyaan`) VALUES ('Konvensional','3','Saya suka menjumlah, mengkali, dan membagi bilangan dalam kegiatan kantor atau pembukuan');
INSERT INTO `soal`(`tipe`, `nomor`, `pertanyaan`) VALUES ('Konvensional','4','Saya suka mengoperasikan alat kantor');
INSERT INTO `soal`(`tipe`, `nomor`, `pertanyaan`) VALUES ('Konvensional','5','Saya suka merinci catatan keuangan');
INSERT INTO `soal`(`tipe`, `nomor`, `pertanyaan`) VALUES ('Konvensional','6','Saya suka mempelajari mengetik');
INSERT INTO `soal`(`tipe`, `nomor`, `pertanyaan`) VALUES ('Konvensional','7','Saya suka mempelajari bisnis');
INSERT INTO `soal`(`tipe`, `nomor`, `pertanyaan`) VALUES ('Konvensional','8','Saya suka mempelajari pembukuan');
INSERT INTO `soal`(`tipe`, `nomor`, `pertanyaan`) VALUES ('Konvensional','9','Saya suka mempelajari matematika komersial');
INSERT INTO `soal`(`tipe`, `nomor`, `pertanyaan`) VALUES ('Konvensional','10','Saya suka melaksanakan kegiatan kearsipan');
INSERT INTO `soal`(`tipe`, `nomor`, `pertanyaan`) VALUES ('Konvensional','11','Saya suka menulis surat bisnis');


INSERT INTO `kode` (`kode1`, `kode2`, `kode3`, `kode`, `jurusan`) VALUES ('','','','','');
-- KODE RIASEC

INSERT INTO `kode` (`kode1`, `kode2`, `kode3`, `kode`, `jurusan`) VALUES ('A','C','I','ACI','Ilmu Terapan');
INSERT INTO `kode` (`kode1`, `kode2`, `kode3`, `kode`, `jurusan`) VALUES ('A','E','I','AEI','Jurnalistik / Penyiar, Ilmu Bahasa');
INSERT INTO `kode` (`kode1`, `kode2`, `kode3`, `kode`, `jurusan`) VALUES ('A','E','S','AES','Bhs. Inggris, Seni Rupa, Desain Grafis, Desain Interior, Jurnalistik, Multimedia, Musik, Komposisi Musik, Pendidikan Musik, Fotografi, Desain Komunikasi Visual');
INSERT INTO `kode` (`kode1`, `kode2`, `kode3`, `kode`, `jurusan`) VALUES ('A','I','E','AIE','Filsafat');
INSERT INTO `kode` (`kode1`, `kode2`, `kode3`, `kode`, `jurusan`) VALUES ('A','I','R','AIR','Arsitektur, Produksi Media');
INSERT INTO `kode` (`kode1`, `kode2`, `kode3`, `kode`, `jurusan`) VALUES ('A','I','S','AIS','Bhs. Inggris, Agama, Bhs. Prancis, Filsafat, Bhs Rusia, Spanyol, atau Jerman');
INSERT INTO `kode` (`kode1`, `kode2`, `kode3`, `kode`, `jurusan`) VALUES ('A','R','E','ARE','Seni, Mode (Fashion), Desain Grafis');
INSERT INTO `kode` (`kode1`, `kode2`, `kode3`, `kode`, `jurusan`) VALUES ('A','R','S','ARS','Desain Interior');
INSERT INTO `kode` (`kode1`, `kode2`, `kode3`, `kode`, `jurusan`) VALUES ('A','S','E','ASE','Pendidikan Seni, Pendidikan Bhs Inggris, Seni Lukis, Pendidikan Agama, Drama / Seni Teater, Ilmu Bumi / Kebumian');
INSERT INTO `kode` (`kode1`, `kode2`, `kode3`, `kode`, `jurusan`) VALUES ('A','S','I','ASI','Seni, Seni Terapan, Seni dan Ilmu Media, Musik, Komposisi Musik');
INSERT INTO `kode` (`kode1`, `kode2`, `kode3`, `kode`, `jurusan`) VALUES ('A','S','R','ASR','Seni Tari');
INSERT INTO `kode` (`kode1`, `kode2`, `kode3`, `kode`, `jurusan`) VALUES ('C','E','I','CEI','Akuntansi, Statistik Bisnis');
INSERT INTO `kode` (`kode1`, `kode2`, `kode3`, `kode`, `jurusan`) VALUES ('C','E','R','CER','Manajemen Logistik');
INSERT INTO `kode` (`kode1`, `kode2`, `kode3`, `kode`, `jurusan`) VALUES ('C','I','E','CIE','Akuntansi, Bisnis');
INSERT INTO `kode` (`kode1`, `kode2`, `kode3`, `kode`, `jurusan`) VALUES ('C','I','R','CIR','Bisnis');
INSERT INTO `kode` (`kode1`, `kode2`, `kode3`, `kode`, `jurusan`) VALUES ('C','R','S','CRS','Akuntansi');
INSERT INTO `kode` (`kode1`, `kode2`, `kode3`, `kode`, `jurusan`) VALUES ('E','A','S','EAS','Ilmu Komunikasi, Periklanan, Jurnalistik / Hubungan Masyarakat, Hukum');
INSERT INTO `kode` (`kode1`, `kode2`, `kode3`, `kode`, `jurusan`) VALUES ('E','C','I','ECI','Keuangan');
INSERT INTO `kode` (`kode1`, `kode2`, `kode3`, `kode`, `jurusan`) VALUES ('E','I','A','EIA','Ilmu Politik');
INSERT INTO `kode` (`kode1`, `kode2`, `kode3`, `kode`, `jurusan`) VALUES ('E','I','C','EIC','Bisnis Internasional');
INSERT INTO `kode` (`kode1`, `kode2`, `kode3`, `kode`, `jurusan`) VALUES ('E','I','R','EIR','Teknik Industri');
INSERT INTO `kode` (`kode1`, `kode2`, `kode3`, `kode`, `jurusan`) VALUES ('E','I','S','EIS','Manajemen');
INSERT INTO `kode` (`kode1`, `kode2`, `kode3`, `kode`, `jurusan`) VALUES ('E','R','C','ERC','Bisnis');
INSERT INTO `kode` (`kode1`, `kode2`, `kode3`, `kode`, `jurusan`) VALUES ('E','R','I','ERI','Teknik Industri');
INSERT INTO `kode` (`kode1`, `kode2`, `kode3`, `kode`, `jurusan`) VALUES ('E','R','S','ERS','Manajemen, Pemasaran');
INSERT INTO `kode` (`kode1`, `kode2`, `kode3`, `kode`, `jurusan`) VALUES ('E','S','A','ESA','Hubungan Masyarakat');
INSERT INTO `kode` (`kode1`, `kode2`, `kode3`, `kode`, `jurusan`) VALUES ('E','S','C','ESC','Bisnis, Keuangan, Manajemen Pelayanan Kesehatan, Hubungan Masyarakat, Manajemen Sumber Daya Manusia, Pemasaran, Administrasi Publik, Pariwisata');
INSERT INTO `kode` (`kode1`, `kode2`, `kode3`, `kode`, `jurusan`) VALUES ('E','S','I','ESI','Hubungan Internasional, Ilmu Politik');
INSERT INTO `kode` (`kode1`, `kode2`, `kode3`, `kode`, `jurusan`) VALUES ('E','S','R','ESR','Pendidikan Bisnis, Keuangan, Manajemen Keuangan, Manajemen Persediaan');
INSERT INTO `kode` (`kode1`, `kode2`, `kode3`, `kode`, `jurusan`) VALUES ('I','A','R','IAR','Antropologi, Ilmu Astronomi, Biokimia, Biologi');
INSERT INTO `kode` (`kode1`, `kode2`, `kode3`, `kode`, `jurusan`) VALUES ('I','A','S','IAS','Ekonomi, Sosiologi');
INSERT INTO `kode` (`kode1`, `kode2`, `kode3`, `kode`, `jurusan`) VALUES ('I','C','A','ICA','Matematika');
INSERT INTO `kode` (`kode1`, `kode2`, `kode3`, `kode`, `jurusan`) VALUES ('I','C','E','ICE','Ekonomi, Manajemen Informatika');
INSERT INTO `kode` (`kode1`, `kode2`, `kode3`, `kode`, `jurusan`) VALUES ('I','C','S','ICS','Sistem Informasi');
INSERT INTO `kode` (`kode1`, `kode2`, `kode3`, `kode`, `jurusan`) VALUES ('I','E','C','IEC','Ilmu Komputer');
INSERT INTO `kode` (`kode1`, `kode2`, `kode3`, `kode`, `jurusan`) VALUES ('I','E','R','IER','Matematika, Farmasi');
INSERT INTO `kode` (`kode1`, `kode2`, `kode3`, `kode`, `jurusan`) VALUES ('I','E','S','IES','Ilmu Komputer dan Informasi, Peradilan Pidana, Ekonomi, Manajemen, Sosiologi');
INSERT INTO `kode` (`kode1`, `kode2`, `kode3`, `kode`, `jurusan`) VALUES ('I','R','C','IRC','Kimia, Ilmu Komputer, Ilmu Lingkungan, Ilmu Forensik');
INSERT INTO `kode` (`kode1`, `kode2`, `kode3`, `kode`, `jurusan`) VALUES ('I','R','E','IRE','Antropologi, Biokimia, Biologi, Teknik Biomedis, Pertanian, Kimia, Teknik Listrik / Elektro, Ilmu Kesehatan Lingkungan, Ilmu Olahraga, Geografi dan Geosains, Sistem Informasi, Komputasi Matematika, Matematika, Teknik Mesin, Fisika, Statistika, Ilmu Binatang / Hewan');
INSERT INTO `kode` (`kode1`, `kode2`, `kode3`, `kode`, `jurusan`) VALUES ('I','R','S','IRS','Pertanian, Ilmu Laboratorium Klinis / Analis Kesehatan, Kedokteran Gigi, Sistem Informasi Geografis, Geologi, Informatika, Mikrobiologi, Teknik Kedokteran Nuklir, Fisioterapi');
INSERT INTO `kode` (`kode1`, `kode2`, `kode3`, `kode`, `jurusan`) VALUES ('I','S','A','ISA','Ilmu Laboratorium Klinis / Teknologi Medis, Psikologi');
INSERT INTO `kode` (`kode1`, `kode2`, `kode3`, `kode`, `jurusan`) VALUES ('I','S','C','ISC','Administrasi Informasi Kesehatan');
INSERT INTO `kode` (`kode1`, `kode2`, `kode3`, `kode`, `jurusan`) VALUES ('I','S','E','ISE','Teknik Radiologi, Psikologi');
INSERT INTO `kode` (`kode1`, `kode2`, `kode3`, `kode`, `jurusan`) VALUES ('I','S','R','ISR','Ilmu Kedokteran, Pendidikan IPA');
INSERT INTO `kode` (`kode1`, `kode2`, `kode3`, `kode`, `jurusan`) VALUES ('R','E','C','REC','Hukum Administrasi');
INSERT INTO `kode` (`kode1`, `kode2`, `kode3`, `kode`, `jurusan`) VALUES ('R','E','I','REI','Teknologi Manajemen Rekayasa Konstruksi');
INSERT INTO `kode` (`kode1`, `kode2`, `kode3`, `kode`, `jurusan`) VALUES ('R','E','S','RES','Ilmu Terapan, Manajemen Teknologi');
INSERT INTO `kode` (`kode1`, `kode2`, `kode3`, `kode`, `jurusan`) VALUES ('R','I','E','RIE','Komputer dan Teknologi Informasi');
INSERT INTO `kode` (`kode1`, `kode2`, `kode3`, `kode`, `jurusan`) VALUES ('R','I','S','RIS','Fisioterapi, Teknik Komputer');
INSERT INTO `kode` (`kode1`, `kode2`, `kode3`, `kode`, `jurusan`) VALUES ('R','S','I','RSI','Ilmu Paramedis');
INSERT INTO `kode` (`kode1`, `kode2`, `kode3`, `kode`, `jurusan`) VALUES ('S','A','C','SAC','Pendidikan Dasar / SD');
INSERT INTO `kode` (`kode1`, `kode2`, `kode3`, `kode`, `jurusan`) VALUES ('S','A','E','SAE','Pendidikan Biologi, Komunikasi, Pendidikan Bahasa Inggris, Pendidikan Kesehatan, Pendidikan Sejarah, Pendidikan Jurnalistik, Pendidikan Matematika, Ilmu Bumi / Kebumian, Pendidikan Agama');
INSERT INTO `kode` (`kode1`, `kode2`, `kode3`, `kode`, `jurusan`) VALUES ('S','A','I','SAI','Pendidikan Kimia, Kesehatan Gigi, Pendidikan Bahasa Asing, Pendidikan Sastra Bahasa, Pendidikan Matematika, Pendidikan Musik, Filsafat');
INSERT INTO `kode` (`kode1`, `kode2`, `kode3`, `kode`, `jurusan`) VALUES ('S','C','E','SCE','Manajemen Pelayanan Kesehatan');
INSERT INTO `kode` (`kode1`, `kode2`, `kode3`, `kode`, `jurusan`) VALUES ('S','C','I','SCI','Bioteknologi');
INSERT INTO `kode` (`kode1`, `kode2`, `kode3`, `kode`, `jurusan`) VALUES ('S','E','A','SEA','Pendidikan Sekolah Dasar, Pengembangan Keluarga & Manusia, Pendidikan Kesehatan dan Promosi Kesehatan');
INSERT INTO `kode` (`kode1`, `kode2`, `kode3`, `kode`, `jurusan`) VALUES ('S','E','C','SEC','Pendidikan Usia Dini (PAUD / KB / TK), Pendidikan Sekolah Dasar, Manajemen Sumber Daya Manusia, Pekerja Sosial (Bimbingan Konseling, Psikologi, dll)');
INSERT INTO `kode` (`kode1`, `kode2`, `kode3`, `kode`, `jurusan`) VALUES ('S','E','I','SEI','Politik, Sejarah, Ilmu Politik');
INSERT INTO `kode` (`kode1`, `kode2`, `kode3`, `kode`, `jurusan`) VALUES ('S','E','R','SER','Ilmu Olahraga, Pendidikan Fisika');
INSERT INTO `kode` (`kode1`, `kode2`, `kode3`, `kode`, `jurusan`) VALUES ('S','I','A','SIA','Konseling, Pendidikan Matematika, Perawat, Pendidikan Ilmu Sosial, Pekerja Sosial (Bimbingan Konseling, Psikologi, dll), Pendidikan Luar Biasa');
INSERT INTO `kode` (`kode1`, `kode2`, `kode3`, `kode`, `jurusan`) VALUES ('S','I','C','SIC','Perawat');
INSERT INTO `kode` (`kode1`, `kode2`, `kode3`, `kode`, `jurusan`) VALUES ('S','I','E','SIE','Ilmu Lingkungan, Perawat, Psikologi');
INSERT INTO `kode` (`kode1`, `kode2`, `kode3`, `kode`, `jurusan`) VALUES ('S','I','R','SIR','Ilmu Olahraga');
INSERT INTO `kode` (`kode1`, `kode2`, `kode3`, `kode`, `jurusan`) VALUES ('S','R','E','SRE','Pendidikan Kepelatihan, Kesehatan dan Olahraga, Pendidikan Luar Sekolah, Fisioterapi');
INSERT INTO `kode` (`kode1`, `kode2`, `kode3`, `kode`, `jurusan`) VALUES ('S','R','I','SRI','Fisioterapi');

---------------------------------------------------------------------------------------

CREATE TABLE IF NOT EXISTS smt_kriteria(
	id_kriteria TINYINT(3) UNSIGNED AUTO_INCREMENT,
	kriteria VARCHAR(100) NOT NULL,
	bobot SMALLINT UNSIGNED,
	PRIMARY KEY(id_kriteria)
)ENGINE=MyISAM;

INSERT INTO smt_kriteria(id_kriteria,kriteria,bobot)
VALUES
	(1,'R',0.18182),
	(2,'I',0.36364),
	(3,'A',0.63636),
	(4,'S',0.72727),
	(5,'E',0.63636),
	(6,'C',0.36364);

CREATE TABLE IF NOT EXISTS smt_alternatif(
	id_alternatif TINYINT(3) UNSIGNED AUTO_INCREMENT,
	alternatif VARCHAR(100) NOT NULL,
	PRIMARY KEY(id_alternatif)
)ENGINE=MyISAM;

INSERT INTO smt_alternatif(id_alternatif,alternatif)
VALUES
	(1, 'ACI'),	(2, 'AEI'),	(3, 'AER'),	(4, 'AES'),	(5, 'AIE'),	(6, 'AIR'),
	(7, 'AIS'),	(8, 'ARE'),	(9, 'ARS'),	(10, 'ASE'), (11, 'ASI'), (12, 'ASR'),
	(13, 'CEI'), (14, 'CER'), (15, 'CIE'), (16, 'CIR'), (17, 'CRS'), (18, 'EAS'),
	(19, 'ECI'), (20, 'EIA'), (21, 'EIC'), (22, 'EIR'),	(23, 'EIS'), (24, 'ERC'),
	(25, 'ERI'), (26, 'ERS'), (27, 'ESA'), (28, 'ESC'), (29, 'ESI'), (30, 'ESR'),
	(31, 'IAR'), (32, 'IAS'), (33, 'ICA'), (34, 'ICE'), (35, 'ICS'), (36, 'IEC'),
	(37, 'IER'), (38, 'IES'), (39, 'IRC'), (40, 'IRE'), (41, 'IRS'), (42, 'ISA'),
	(43, 'ISC'), (44, 'ISE'), (45, 'ISR'), (46, 'REC'), (47, 'REI'), (48, 'RES'),
	(49, 'RIE'), (50, 'RIS'), (51, 'RSI'), (52, 'SAC'), (53, 'SAE'), (54, 'SAI'),
	(55, 'SCE'), (56, 'SCI'), (57, 'SEA'), (58, 'SEC'), (59, 'SEI'), (60, 'SER'),
	(61, 'SIA'), (62, 'SIC'), (63, 'SIE'), (64, 'SIR'),	(65, 'SRE'), (66, 'SRI');

CREATE TABLE IF NOT EXISTS smt_data(
	id_data INT(11) UNSIGNED AUTO_INCREMENT,
	id_alternatif TINYINT(3) UNSIGNED,
	id_kriteria TINYINT(3) UNSIGNED,
	nilai FLOAT(3) NOT NULL,
	PRIMARY KEY(id_data)
)ENGINE=MyISAM;

INSERT INTO smt_data(id_alternatif,id_kriteria,nilai)
VALUES
	(1,1,3), (1,2,6), (1,3,10),	(1,4,3), (1,5,3), (1,6,8),
	(2,1,3), (2,2,6), (2,3,10),	(2,4,3), (2,5,8), (2,6,3),
	(3,1,6), (3,2,3), (3,3,10),	(3,4,3), (3,5,8), (3,6,3),
	(4,1,3), (4,2,3), (4,3,10),	(4,4,6), (4,5,8), (4,6,3),
	(5,1,3), (5,2,8), (5,3,10),	(5,4,3), (5,5,6), (5,6,3),
	(6,1,6), (6,2,8), (6,3,10),	(6,4,3), (6,5,3), (6,6,3),
	(7,1,3), (7,2,8), (7,3,10),	(7,4,6), (7,5,3), (7,6,3),
	(8,1,8), (8,2,3), (8,3,10),	(8,4,3), (8,5,6), (8,6,3),
	(9,1,8), (9,2,3), (9,3,10),	(9,4,6), (9,5,3), (9,6,3),
	(10,1,3), (10,2,3), (10,3,10), (10,4,8), (10,5,6), (10,6,3),
	(11,1,3), (11,2,6), (11,3,10), (11,4,8), (11,5,3), (11,6,3),
	(12,1,6), (12,2,3), (12,3,10), (12,4,8), (12,5,3), (12,6,3),
	(13,1,3), (13,2,6), (13,3,3), (13,4,3),	(13,5,8), (13,6,10),
	(14,1,6), (14,2,3),	(14,3,3), (14,4,3),	(14,5,8), (14,6,10),
	(15,1,3), (15,2,8),	(15,3,3), (15,4,3),	(15,5,6), (15,6,10),
	(16,1,6), (16,2,8),	(16,3,3), (16,4,3),	(16,5,3), (16,6,10),
	(17,1,8), (17,2,3),	(17,3,3), (17,4,6),	(17,5,3), (17,6,10),
	(18,1,3), (18,2,3),	(18,3,8), (18,4,6),	(18,5,10), (18,6,3),
	(19,1,3), (19,2,6),	(19,3,3), (19,4,3),	(19,5,10), (19,6,8),
	(20,1,3), (20,2,8),	(20,3,6), (20,4,3),	(20,5,10), (20,6,3),
	(21,1,3), (21,2,8),	(21,3,3), (21,4,3),	(21,5,10), (21,6,6),
	(22,1,6), (22,2,8),	(22,3,3), (22,4,3),	(22,5,10), (22,6,3),
	(23,1,3), (23,2,8),	(23,3,3), (23,4,6),	(23,5,10), (23,6,3),
	(24,1,8), (24,2,3),	(24,3,3), (24,4,3),	(24,5,10), (24,6,6),
	(25,1,8), (25,2,6),	(25,3,3), (25,4,3),	(25,5,10), (25,6,3),
	(26,1,8), (26,2,3),	(26,3,3), (26,4,6),	(26,5,10), (26,6,3),
	(27,1,3), (27,2,3),	(27,3,6), (27,4,8),	(27,5,10), (27,6,3),
	(28,1,3), (28,2,3),	(28,3,3), (28,4,8),	(28,5,10), (28,6,6),
	(29,1,3), (29,2,6),	(29,3,3), (29,4,8),	(29,5,10), (29,6,3),
	(30,1,6), (30,2,3),	(30,3,3), (30,4,8),	(30,5,10), (30,6,3),
	(31,1,6), (31,2,10), (31,3,8), (31,4,3), (31,5,3), (31,6,3),
	(32,1,3), (32,2,10), (32,3,8), (32,4,6), (32,5,3), (32,6,3),
	(33,1,3), (33,2,10), (33,3,6), (33,4,3), (33,5,3), (33,6,8),
	(34,1,3), (34,2,10), (34,3,3), (34,4,3), (34,5,6), (34,6,8),
	(35,1,3), (35,2,10), (35,3,3), (35,4,6), (35,5,3), (35,6,8),
	(36,1,3), (36,2,10), (36,3,3), (36,4,3), (36,5,8), (36,6,6),
	(37,1,6), (37,2,10), (37,3,3), (37,4,3), (37,5,8), (37,6,3),
	(38,1,3), (38,2,10), (38,3,3), (38,4,6), (38,5,8), (38,6,3),
	(39,1,8), (39,2,10), (39,3,3), (39,4,3), (39,5,3), (39,6,6),
	(40,1,8), (40,2,10), (40,3,3), (40,4,3), (40,5,6), (40,6,3),
	(41,1,8), (41,2,10), (41,3,3), (41,4,6), (41,5,3), (41,6,3),
	(42,1,3), (42,2,10), (42,3,6), (42,4,8), (42,5,3), (42,6,3),
	(43,1,3), (43,2,10), (43,3,3), (43,4,8), (43,5,3), (43,6,6),
	(44,1,3), (44,2,10), (44,3,3), (44,4,8), (44,5,6), (44,6,3),
	(45,1,6), (45,2,10), (45,3,3), (45,4,8), (45,5,3), (45,6,3),
	(46,1,10), (46,2,3), (46,3,3), (46,4,3), (46,5,8), (46,6,6),
	(47,1,10), (47,2,6), (47,3,3), (47,4,3), (47,5,8), (47,6,3),
	(48,1,10), (48,2,3), (48,3,3), (48,4,6), (48,5,8), (48,6,3),
	(49,1,10), (49,2,8), (49,3,3), (49,4,3), (49,5,6), (49,6,3),
	(50,1,10), (50,2,8), (50,3,3), (50,4,6), (50,5,3), (50,6,3),
	(51,1,10), (51,2,6), (51,3,3), (51,4,8), (51,5,3), (51,6,3),
	(52,1,3), (52,2,3), (52,3,8), (52,4,10), (52,5,3), (52,6,6),
	(53,1,3), (53,2,3),	(53,3,8), (53,4,10), (53,5,6), (53,6,3),
	(54,1,3), (54,2,6),	(54,3,8), (54,4,10), (54,5,3), (54,6,3),
	(55,1,3), (55,2,3),	(55,3,3), (55,4,10), (55,5,6), (55,6,8),
	(56,1,3), (56,2,6),	(56,3,3), (56,4,10), (56,5,3), (56,6,8),
	(57,1,3), (57,2,3),	(57,3,6), (57,4,10), (57,5,8), (57,6,3),
	(58,1,3), (58,2,3),	(58,3,3), (58,4,10), (58,5,8), (58,6,6),
	(59,1,3), (59,2,6),	(59,3,3), (59,4,10), (59,5,8), (59,6,3),
	(60,1,6), (60,2,3),	(60,3,3), (60,4,10), (60,5,8), (60,6,3),
	(61,1,3), (61,2,8),	(61,3,6), (61,4,10), (61,5,3), (61,6,3),
	(62,1,3), (62,2,8),	(62,3,3), (62,4,10), (62,5,3), (62,6,6),
	(63,1,3), (63,2,8),	(63,3,3), (63,4,10), (63,5,6), (63,6,3),
	(64,1,6), (64,2,8),	(64,3,3), (64,4,10), (64,5,3), (64,6,3),
	(65,1,8), (65,2,3),	(65,3,3), (65,4,10), (65,5,6), (65,6,3),
	(66,1,8), (66,2,6),	(66,3,3), (66,4,10), (66,5,3), (66,6,3);